<?xml version="1.0"?>
<images>
  <image name="Jek Blazed">
    <source>http://myanimelist.net/character/67069/Yui_Yuigahama</source>
  </image>
  <image name="Jek Blunt">
    <source>http://myanimelist.net/character/67069/Yui_Yuigahama</source>
  </image>
  <image name="Jek Chillin">
    <source>http://myanimelist.net/character/67069/Yui_Yuigahama</source>
  </image>
  <image name="Jek Crutches">
    <source>http://myanimelist.net/character/67069/Yui_Yuigahama</source>
  </image>
  <image name="Jek KFC">
    <source>http://myanimelist.net/character/67069/Yui_Yuigahama</source>
  </image>
  <image name="Jek Long">
    <source>http://myanimelist.net/character/67069/Yui_Yuigahama</source>
  </image>
  <image name="Jek Smooth">
    <source>http://myanimelist.net/character/67069/Yui_Yuigahama</source>
  </image>
</images>